{
  "hash": "2ceec8f2",
  "configHash": "74cfdf95",
  "lockfileHash": "05c261be",
  "browserHash": "686997ac",
  "optimized": {
    "@angular/common": {
      "src": "../../../../../../node_modules/@angular/common/fesm2022/common.mjs",
      "file": "@angular_common.js",
      "fileHash": "a0794afe",
      "needsInterop": false
    },
    "@angular/core": {
      "src": "../../../../../../node_modules/@angular/core/fesm2022/core.mjs",
      "file": "@angular_core.js",
      "fileHash": "0b3f7560",
      "needsInterop": false
    },
    "@angular/forms": {
      "src": "../../../../../../node_modules/@angular/forms/fesm2022/forms.mjs",
      "file": "@angular_forms.js",
      "fileHash": "80f30db7",
      "needsInterop": false
    },
    "@angular/platform-browser": {
      "src": "../../../../../../node_modules/@angular/platform-browser/fesm2022/platform-browser.mjs",
      "file": "@angular_platform-browser.js",
      "fileHash": "6e27c574",
      "needsInterop": false
    },
    "@angular/router": {
      "src": "../../../../../../node_modules/@angular/router/fesm2022/router.mjs",
      "file": "@angular_router.js",
      "fileHash": "42b498f3",
      "needsInterop": false
    },
    "@ng-select/ng-select": {
      "src": "../../../../../../node_modules/@ng-select/ng-select/fesm2022/ng-select-ng-select.mjs",
      "file": "@ng-select_ng-select.js",
      "fileHash": "2772fff2",
      "needsInterop": false
    }
  },
  "chunks": {
    "chunk-OVXI3QOQ": {
      "file": "chunk-OVXI3QOQ.js"
    },
    "chunk-DMU6UGQF": {
      "file": "chunk-DMU6UGQF.js"
    },
    "chunk-2E4FBYJ6": {
      "file": "chunk-2E4FBYJ6.js"
    },
    "chunk-GCGOUNIV": {
      "file": "chunk-GCGOUNIV.js"
    }
  }
}